Question,Answer
"Here are some questions designed to test a coder's understanding of the provided text, focusing on aspects relevant to programming and data analysis:","I'm sorry, but you have not provided any questions. Please provide the questions you would like me to answer based on the text."
**Questions:**,Please provide the questions you would like me to answer.
"1.  **Data Representation and Aggregation:** The text mentions that in 2015, leaders from 193 countries came together. If you were to represent this data in a programming context, what data structure might you use to store the number of countries involved? How could you use this information to calculate a percentage if, for example, only 100 countries ratified a specific agreement?","Here's how you could approach this in a programming context:

**1. Data Structure for Storing the Number of Countries:**

A simple and effective data structure to store the number of countries involved would be an **integer variable**.

```python
number_of_countries = 193
```

If you wanted to store more information about each country (like their name, or whether they ratified an agreement), you might consider:

*   **A list of dictionaries:** Each dictionary could represent a country with its attributes.
    ```python
    countries = [
        {""name"": ""Country A"", ""ratified_agreement"": False},
        {""name"": ""Country B"", ""ratified_agreement"": True},
        # ... and so on for all 193 countries
    ]
    ```
*   **A dictionary where keys are country names and values are their status:**
    ```python
    country_status = {
        ""Country A"": {""ratified_agreement"": False},
        ""Country B"": {""ratified_agreement"": True},
        # ...
    }
    ```

However, for just storing the *count* of countries, an integer is sufficient.

**2. Calculating a Percentage:**

To calculate the percentage if only 100 countries ratified a specific agreement, you would use the following formula:

Percentage = (Number of countries that ratified / Total number of countries) * 100

In a programming context, this would look like:

```python
total_countries = 193
countries_ratified = 100

# Ensure we don't divide by zero if total_countries is 0
if total_countries > 0:
  percentage_ratified = (countries_ratified / total_countries) * 100
  print(f""{percentage_ratified:.2f}% of countries ratified the agreement."")
else:
  print(""Cannot calculate percentage: Total number of countries is zero."")
```

**Explanation:**

*   `total_countries` stores the initial number of countries (193).
*   `countries_ratified` stores the number of countries that met a specific condition (100 in this example).
*   The `if total_countries > 0:` check is a good practice to prevent a division-by-zero error.
*   The calculation `(countries_ratified / total_countries) * 100` performs the percentage calculation.
*   `f""{percentage_ratified:.2f}%""` is an f-string that formats the output to two decimal places for better readability."
"2.  **Time Series Data and Goal Tracking:** The Sustainable Development Goals (SDGs) have a target year of 2030. If you were building a dashboard to track progress towards these goals, what data points would you need to collect over time for each goal? How would you represent the ""progress made"" in a quantifiable way, considering the text mentions ""cut extreme poverty in half"" or ""hunger has dropped by almost half""?","To build a dashboard for tracking progress towards the Sustainable Development Goals (SDGs) with a target year of 2030, you would need to collect specific time-series data points for each goal. The quantifiable representation of ""progress made"" would involve comparing current data to baseline data and the 2030 target.

Here's a breakdown of the data points and how to represent progress for each goal, based on the provided text:

## Data Points to Collect Over Time for Each Goal:

For each of the 17 SDGs, you would need to identify key indicators that can be measured consistently over time. The text provides examples, and we can extrapolate from them.

**General Approach:** For each goal, identify a primary indicator that represents the core objective. Then, identify secondary indicators that provide more nuanced insights or address specific aspects of the goal.

**Examples based on the text:**

*   **Goal 1: End extreme poverty in all its forms by 2030.**
    *   **Primary Indicator:** Percentage of the population living below the international poverty line (e.g., less than $1.25 a day).
    *   **Secondary Indicators:**
        *   Percentage of the population living below national poverty lines.
        *   Proportion of people living on less than $2, $5, or other relevant poverty thresholds.
        *   Number of people lifted out of extreme poverty.

*   **Goal 2: End hunger, achieve food security and improved nutrition and promote sustainable agriculture.**
    *   **Primary Indicator:** Prevalence of undernourishment (percentage of the population).
    *   **Secondary Indicators:**
        *   Prevalence of food insecurity (e.g., percentage of households experiencing moderate or severe food insecurity).
        *   Child stunting and wasting rates.
        *   Agricultural productivity per hectare.
        *   Proportion of land under sustainable agricultural practices.

*   **Goal 3: Ensure healthy lives and promote well-being for all at all ages.**
    *   **Primary Indicator:** Under-five mortality rate.
    *   **Secondary Indicators:**
        *   Maternal mortality ratio.
        *   Incidence and mortality rates of major diseases (e.g., HIV, tuberculosis, malaria).
        *   Percentage of the population with access to essential health services, medicines, and vaccines.
        *   Life expectancy at birth.

*   **Goal 4: Ensure inclusive and equitable quality education and promote lifelong learning opportunities for all.**
    *   **Primary Indicator:** Net enrollment rate in primary and secondary education.
    *   **Secondary Indicators:**
        *   Literacy rate (youth and adult).
        *   Completion rates for primary and secondary education.
        *   Proportion of youth and adults with access to vocational training and higher education.
        *   Percentage of children from poorest households out of school.

*   **Goal 5: Achieve gender equality and empower all women and girls.**
    *   **Primary Indicator:** Proportion of seats held by women in national parliaments.
    *   **Secondary Indicators:**
        *   Gender pay gap.
        *   Proportion of women in paid employment.
        *   Prevalence of gender-based violence.
        *   Gender parity in primary and secondary education enrollment.

*   **Goal 6: Ensure availability and sustainable management of water and sanitation for all.**
    *   **Primary Indicator:** Proportion of the population with access to safely managed drinking water services.
    *   **Secondary Indicators:**
        *   Proportion of the population with access to safely managed sanitation services.
        *   Level of water stress (percentage of population affected by water scarcity).
        *   Water use efficiency.

*   **Goal 7: Ensure access to affordable, reliable, sustainable and modern energy for all.**
    *   **Primary Indicator:** Proportion of the population with access to electricity.
    *   **Secondary Indicators:**
        *   Proportion of the population with access to clean cooking fuels and technologies.
        *   Share of renewable energy in the total energy mix.
        *   Energy intensity of the economy.

*   **Goal 8: Promote sustained, inclusive and sustainable economic growth, full and productive employment and decent work for all.**
    *   **Primary Indicator:** Annual growth rate of GDP per capita.
    *   **Secondary Indicators:**
        *   Youth unemployment rate.
        *   Proportion of employed people living below the international poverty line.
        *   Prevalence of modern slavery, human trafficking, and forced labor.
        *   Growth of small and medium-sized enterprises.

*   **Goal 9: Build resilient infrastructure, promote inclusive and sustainable industrialization and foster innovation.**
    *   **Primary Indicator:** Manufacturing value added as a percentage of GDP.
    *   **Secondary Indicators:**
        *   Internet penetration rate.
        *   Number of researchers in R&D per million people.
        *   Proportion of the population with access to affordable and reliable internet.
        *   Investment in infrastructure.

*   **Goal 10: Reduce inequality within and among countries.**
    *   **Primary Indicator:** Palma ratio (ratio of the income share of the top 10% to the bottom 40%).
    *   **Secondary Indicators:**
        *   Gini coefficient.
        *   Proportion of income held by the bottom 40% of the population.
        *   Remittance inflows as a percentage of GDP.
        *   Measures of inequality in access to opportunities (e.g., education, healthcare).

*   **Goal 11: Make cities and human settlements inclusive, safe, resilient and sustainable.**
    *   **Primary Indicator:** Proportion of urban population living in slums or informal settlements.
    *   **Secondary Indicators:**
        *   Access to affordable and reliable public transportation.
        *   Green space per capita.
        *   Air quality (e.g., PM2.5 concentration).
        *   Disaster resilience indicators.

*   **Goal 12: Ensure sustainable consumption and production patterns.**
    *   **Primary Indicator:** Material footprint per capita.
    *   **Secondary Indicators:**
        *   Food waste per capita (at retail and consumer levels).
        *   Waste generation per capita.
        *   Proportion of businesses adopting sustainable practices.
        *   Ecolabeling prevalence.

*   **Goal 13: Take urgent action to combat climate change and its impacts.**
    *   **Primary Indicator:** Greenhouse gas emissions (total and per capita).
    *   **Secondary Indicators:**
        *   Average global temperature increase relative to pre-industrial levels.
        *   Number of deaths and economic losses attributed to extreme weather events.
        *   Proportion of the population living in vulnerable regions.
        *   Investment in climate adaptation and mitigation.

*   **Goal 14: Conserve and sustainably use the oceans, seas and marine resources for sustainable development.**
    *   **Primary Indicator:** Proportion of marine area protected.
    *   **Secondary Indicators:**
        *   Fish stocks that are overexploited.
        *   Ocean acidity.
        *   Marine plastic pollution levels.
        *   Percentage of coastal areas covered by coral reefs or mangroves.

*   **Goal 15: Protect, restore and promote sustainable use of terrestrial ecosystems, sustainably manage forests, combat desertification, and halt and reverse land degradation and halt biodiversity loss.**
    *   **Primary Indicator:** Red List Index of species extinction risk.
    *   **Secondary Indicators:**
        *   Proportion of land degraded.
        *   Forest area as a percentage of total land area.
        *   Proportion of threatened species.
        *   Progress in combating desertification.

*   **Goal 16: Promote peaceful and inclusive societies for sustainable development, provide access to justice for all and build effective, accountable and inclusive institutions at all levels.**
    *   **Primary Indicator:** Intentional homicide rate per 100,000 population.
    *   **Secondary Indicators:**
        *   Proportion of the population that has had a positive experience with public services.
        *   Perception of corruption.
        *   Proportion of victims of violence in the past 12 months.
        *   Access to justice indicators.

*   **Goal 17: Strengthen the means of implementation and revitalize the global partnership for sustainable development.**
    *   **Primary Indicator:** Official development assistance (ODA) as a percentage of Gross National Income (GNI).
    *   **Secondary Indicators:**
        *   Remittance flows.
        *   Foreign direct investment (FDI) flows.
        *   Access to technology and knowledge.
        *   Number of countries with national sustainable development strategies.

## Quantifying ""Progress Made"":

The text provides excellent examples of how to quantify progress: ""cut extreme poverty in half"" and ""hunger has dropped by almost half."" This suggests a percentage-based approach relative to a baseline and the target.

Here's how to represent progress quantitatively:

1.  **Establish Baselines:** For each indicator, you need a starting point. This is often the data from around the year 2000 (when the Millennium Development Goals, precursors to the SDGs, were established) or the earliest reliable data available.

2.  **Define Targets:** The ultimate target is the state of the indicator in 2030.

3.  **Calculate Progress:** The progress made can be calculated in several ways, depending on whether the goal is to increase or decrease the indicator:

    *   **For Indicators to be Decreased (e.g., poverty, hunger, mortality rates, emissions):**
        *   **Absolute Reduction:** `Baseline Value - Current Value`
        *   **Percentage Reduction:** `((Baseline Value - Current Value) / Baseline Value) * 100%`
        *   **Progress Towards Target:** `((Baseline Value - Current Value) / (Baseline Value - Target Value)) * 100%`
            *   *Example: If baseline poverty was 20% and the target is 0%, and the current rate is 10%, progress is ((20-10)/(20-0)) * 100% = 50% of the way to ending poverty.*
            *   *If the goal was to ""cut poverty in half"" (i.e., reach 10%), then progress would be ((20-10)/(20-10)) * 100% = 100% of that specific interim goal.*

    *   **For Indicators to be Increased (e.g., enrollment rates, renewable energy share, access to services):**
        *   **Absolute Increase:** `Current Value - Baseline Value`
        *   **Percentage Increase:** `((Current Value - Baseline Value) / Baseline Value) * 100%`
        *   **Progress Towards Target:** `((Current Value - Baseline Value) / (Target Value - Baseline Value)) * 100%`
            *   *Example: If baseline electricity access was 70% and the target is 100%, and current access is 90%, progress is ((90-70)/(100-70)) * 100% = 66.7% of the way to universal access.*

4.  **Visual Representation on the Dashboard:**
    *   **Trend Lines:** Show the historical data points for each indicator, illustrating the trajectory.
    *   **Progress Bars/Gauges:** Visually represent the ""Progress Towards Target"" percentage. These can be color-coded (e.g., red for far from target, green for close to target).
    *   **Comparison to 2030 Target:** Clearly display the current value, the baseline value, and the 2030 target value for each indicator.
    *   **""Halfway There"" Markers:** For goals like ""cut poverty in half,"" you could have a specific marker on the progress bar indicating when that interim milestone was reached.
    *   **Rate of Progress:** Display the annual rate of change for key indicators to show if progress is accelerating or decelerating.

By collecting this time-series data and using these quantitative methods, a dashboard can effectively communicate the progress made towards each SDG and highlight areas where more effort is needed to reach the 2030 targets."
"3.  **Conditional Logic and Goal Achievement:** The text states, ""In 2000, the world committed to halving the number of people living in extreme poverty by the year 2015 and we met this goal."" If you were writing a program to evaluate goal achievement, how would you implement a condition to check if a goal was met based on a starting value, a target reduction, and an end value?","To implement a condition to check if a goal was met based on a starting value, a target reduction, and an end value, you would use a comparison.

Here's how you could represent this in a conceptual programming logic:

```
IF (starting_value - end_value) >= target_reduction THEN
  goal_achieved = TRUE
ELSE
  goal_achieved = FALSE
END IF
```

**Explanation:**

*   **`starting_value`**: This would be the initial measure of the problem (e.g., the number of people living in extreme poverty in the year 2000).
*   **`end_value`**: This would be the measure of the problem at the end of the target period (e.g., the number of people living in extreme poverty in the year 2015).
*   **`target_reduction`**: This is the amount by which the problem was intended to be reduced (e.g., half the starting value).
*   **`goal_achieved`**: This is a boolean variable (TRUE or FALSE) that indicates whether the goal was met.

**Applying it to the example:**

In the example provided:

*   The text implies a starting point where a commitment was made. Let's assume the number of people in extreme poverty in 2000 was `X`.
*   The commitment was to *halve* the number of people living in extreme poverty by 2015. So, the `target_reduction` would be `X / 2`.
*   The text states, ""we met this goal."" This means the `end_value` (number of people in extreme poverty in 2015) was less than or equal to `X - (X / 2)`, which simplifies to `X / 2`.

So, the condition would effectively check if the actual reduction (`starting_value - end_value`) was greater than or equal to the desired reduction (`target_reduction`)."
"4.  **Data Filtering and Analysis:** The text highlights that ""kids from the poorest households are four times more likely to be out of school than those of the richest households."" If you had a dataset of children with information on their household income and school enrollment status, what programming techniques would you use to identify and quantify this disparity?","To identify and quantify the disparity that ""kids from the poorest households are four times more likely to be out of school than those of the richest households"" using a dataset of children with information on household income and school enrollment status, I would use the following programming techniques:

**1. Data Loading and Initial Inspection:**

*   **Libraries:** `pandas` (for data manipulation and analysis).
*   **Technique:** Load the dataset into a pandas DataFrame.
    ```python
    import pandas as pd
    df = pd.read_csv('children_data.csv') # Assuming your data is in a CSV file
    ```
*   **Inspection:** Use `.head()`, `.info()`, `.describe()`, and `.isnull().sum()` to understand the data structure, data types, check for missing values, and get a summary of numerical columns.

**2. Data Cleaning and Preparation:**

*   **Technique:** Handle missing values. Depending on the extent and nature of missing data, I might:
    *   Impute missing income values (e.g., using the mean, median, or a more sophisticated method).
    *   Impute missing enrollment status (though this might be less common or require careful consideration).
    *   Remove rows with critical missing information if imputation is not feasible or reliable.
*   **Technique:** Ensure data types are correct. Convert income to a numerical type and enrollment status to a categorical or boolean type.

**3. Defining ""Poorest"" and ""Richest"" Households:**

*   **Technique:** Create income quantiles or bins. This is crucial for categorizing households.
    *   **Quantiles:** Use `pd.qcut()` to divide the household income into a specified number of quantiles (e.g., 4 for quartiles, 5 for quintiles). This ensures an equal number of households in each group.
    *   **Fixed Bins:** Alternatively, define specific income thresholds to create ""poor"" and ""rich"" categories. This might be more aligned with the ""poorest"" and ""richest"" phrasing.
    ```python
    # Example using quantiles (e.g., 4 groups)
    df['income_group'] = pd.qcut(df['household_income'], q=4, labels=['Poorest', 'Lower-Middle', 'Upper-Middle', 'Richest'])

    # Example using fixed bins (adjust thresholds as needed)
    # bins = [-float('inf'), 10000, 50000, float('inf')]
    # labels = ['Poorest', 'Middle', 'Richest']
    # df['income_group'] = pd.cut(df['household_income'], bins=bins, labels=labels)
    ```
*   **Technique:** Create a binary variable for ""out of school"" if the enrollment status is not already in that format. For example, if it's ""Enrolled"" and ""Not Enrolled"", convert it to 0 and 1.

**4. Calculating Enrollment Rates by Income Group:**

*   **Technique:** Group the DataFrame by the `income_group` and then calculate the proportion of children who are out of school within each group.
    ```python
    # Assuming 'is_out_of_school' is a binary column (1 for out of school, 0 for enrolled)
    enrollment_rates = df.groupby('income_group')['is_out_of_school'].mean().reset_index()
    print(enrollment_rates)
    ```
    This will give you the proportion (or percentage) of children out of school for each income group.

**5. Quantifying the Disparity (The ""Four Times More Likely"" Aspect):**

*   **Technique:** Calculate the ratio of the ""out of school"" rate for the poorest group to the ""out of school"" rate for the richest group.
    ```python
    # Assuming 'Poorest' and 'Richest' are labels in your 'income_group' column
    poorest_rate = enrollment_rates[enrollment_rates['income_group'] == 'Poorest']['is_out_of_school'].iloc[0]
    richest_rate = enrollment_rates[enrollment_rates['income_group'] == 'Richest']['is_out_of_school'].iloc[0]

    if richest_rate > 0: # Avoid division by zero
        disparity_ratio = poorest_rate / richest_rate
        print(f""The disparity ratio (Poorest out-of-school rate / Richest out-of-school rate): {disparity_ratio:.2f}"")
    else:
        print(""Richest group has 0% out-of-school rate, cannot calculate ratio."")
    ```
*   **Alternative (Odds Ratio):** For a more statistically robust measure, especially if you want to control for other factors later, you could use logistic regression.
    *   **Technique:** Fit a logistic regression model where the dependent variable is `is_out_of_school` and the independent variable is `income_group` (or a binary variable indicating ""poorest"" vs. ""richest""). The odds ratio for the poorest group compared to the richest group would directly quantify this disparity.
    ```python
    import statsmodels.api as sm

    # Create dummy variables for income groups
    income_dummies = pd.get_dummies(df['income_group'], drop_first=True) # drop_first to avoid multicollinearity

    # Add a constant for the intercept
    income_dummies = sm.add_constant(income_dummies)

    # Define dependent and independent variables
    X = income_dummies
    y = df['is_out_of_school']

    # Fit the logistic regression model
    model = sm.Logit(y, X)
    result = model.fit()

    # Print the summary to see odds ratios
    print(result.summary())

    # To specifically get the odds ratio for 'Poorest' vs 'Richest' (assuming 'Richest' is the reference if drop_first=True and 'Poorest' is the first category)
    # You might need to adjust the dummy variable creation or interpretation based on your specific grouping and reference category.
    # If 'Poorest' is one of the dummies, its coefficient's exponent (exp(coef)) will be the odds ratio.
    ```

**6. Visualization:**

*   **Libraries:** `matplotlib.pyplot` and `seaborn` (for creating plots).
*   **Technique:** Create a bar chart to visually represent the enrollment rates (or out-of-school rates) for each income group. This makes the disparity immediately apparent.
    ```python
    import matplotlib.pyplot as plt
    import seaborn as sns

    sns.barplot(x='income_group', y='is_out_of_school', data=enrollment_rates, order=['Poorest', 'Lower-Middle', 'Upper-Middle', 'Richest'])
    plt.title('Proportion of Children Out of School by Household Income Group')
    plt.ylabel('Proportion Out of School')
    plt.xlabel('Household Income Group')
    plt.show()
    ```

**Summary of Techniques:**

*   **Data Manipulation:** `pandas` for loading, cleaning, filtering, grouping, and calculating metrics.
*   **Categorization:** `pd.qcut()` or `pd.cut()` for creating income groups.
*   **Aggregation:** `.mean()` after `.groupby()` to calculate rates.
*   **Ratio Calculation:** Simple division to quantify the ""times more likely"" aspect.
*   **Statistical Modeling (Optional but Recommended):** Logistic regression (`statsmodels`) to get odds ratios for a more formal measure of association.
*   **Visualization:** `seaborn` and `matplotlib` for bar charts to illustrate the findings.

By combining these techniques, I can effectively load, clean, analyze, and present the data to confirm and quantify the disparity mentioned in the text."
"5.  **Iterative Processes and Progress Updates:** The UNDP is present in ""nearly 170 countries and territories."" If you were to simulate the process of the UNDP helping nations make the Goals a reality, how could you use a loop to represent this action being performed across multiple countries? What kind of data would you update for each country as progress is made?","To simulate the UNDP helping nations achieve the Sustainable Development Goals (SDGs) across multiple countries using a loop, we can think of it as an iterative process.

Here's how a loop could represent this:

**1. The Loop Structure:**

We can use a `for` loop to iterate through each country where the UNDP is present.

```python
# Assume 'countries' is a list of country names or country objects
# Assume 'sdg_goals' is a list of the 17 Sustainable Development Goals

for country in countries:
    # Actions performed for each country
    print(f""Working with {country} to achieve the SDGs..."")
    # ... (details of actions below)
```

**2. Actions within the Loop (Simulating UNDP's Work):**

Inside the loop, for each `country`, the UNDP would perform various actions to help them make the Goals a reality. These actions could be simulated as functions or code blocks:

*   **Needs Assessment:** `assess_country_needs(country)`
*   **Goal Prioritization:** `prioritize_sdg_goals(country)`
*   **Strategy Development:** `develop_implementation_strategy(country)`
*   **Resource Allocation:** `allocate_resources(country)`
*   **Capacity Building:** `provide_training_and_support(country)`
*   **Monitoring and Evaluation:** `monitor_progress(country)`
*   **Partnership Facilitation:** `facilitate_partnerships(country)`

**3. Data to Update for Each Country:**

As progress is made, we would need to update data associated with each country. This data could be stored in a dictionary or a more complex data structure for each country. Here's the kind of data that would be updated:

*   **Progress on Each SDG:**
    *   For each of the 17 SDGs, we could have a numerical indicator of progress (e.g., a percentage from 0% to 100%).
    *   Example: `country_data[country]['sdg_progress']['goal_1_poverty'] = 75` (meaning 75% progress on ending poverty).
    *   This would be updated based on the `monitor_progress` action.

*   **Key Performance Indicators (KPIs) for Each SDG:**
    *   Each SDG has specific targets and indicators. We would track the status of these.
    *   Example for SDG 1 (No Poverty):
        *   `country_data[country]['kpis']['extreme_poverty_rate'] = 10.5` (percentage of population living on less than $1.25 a day). This would decrease over time.
        *   `country_data[country]['kpis']['poverty_gap_index'] = 0.02` (measures the depth of poverty). This would also decrease.
    *   Example for SDG 4 (Quality Education):
        *   `country_data[country]['kpis']['primary_enrollment_rate'] = 95` (percentage). This would increase.
        *   `country_data[country]['kpis']['literacy_rate'] = 98` (percentage). This would increase.

*   **Resources Allocated:**
    *   Amount of financial aid, technical assistance, or human resources provided by the UNDP.
    *   Example: `country_data[country]['resources']['financial_aid_usd'] = 5000000`

*   **Challenges Encountered:**
    *   A list or description of obstacles faced in implementing the SDGs in that country.
    *   Example: `country_data[country]['challenges'] = [""Political instability"", ""Lack of infrastructure"", ""Climate-related disasters""]`

*   **Partnerships Established:**
    *   Information about local and international partners involved in SDG implementation.
    *   Example: `country_data[country]['partnerships'] = [""Local NGO X"", ""International Foundation Y"", ""Government Ministry Z""]`

*   **Timeline Updates:**
    *   Tracking milestones achieved and projected completion dates for specific targets.
    *   Example: `country_data[country]['timeline']['sdg_1_target_1_completion'] = ""2028-12-31""`

**Example of Data Structure (Conceptual):**

```python
country_data = {
    ""Country A"": {
        ""sdg_progress"": {
            ""goal_1_poverty"": 0,
            ""goal_2_hunger"": 0,
            # ... up to goal_17
        },
        ""kpis"": {
            ""extreme_poverty_rate"": 20.0, # Initial value
            ""primary_enrollment_rate"": 85, # Initial value
            # ... other KPIs
        },
        ""resources"": {
            ""financial_aid_usd"": 0,
            ""technical_experts"": 0
        },
        ""challenges"": [],
        ""partnerships"": []
    },
    ""Country B"": {
        # ... similar structure
    }
    # ... and so on for all countries
}

# Inside the loop:
for country in countries:
    # ... simulate actions ...
    # Update progress based on simulated actions
    country_data[country]['sdg_progress']['goal_1_poverty'] += 5 # Example update
    country_data[country]['kpis']['extreme_poverty_rate'] -= 1.5 # Example update
    # ... update other data points ...
```

**How the Loop Represents Iterative Progress:**

The loop allows us to:

1.  **Process each country individually:** Ensures that the UNDP's efforts are tailored to the specific context of each nation.
2.  **Apply actions repeatedly:** The same set of actions (needs assessment, strategy, etc.) can be applied to every country.
3.  **Track cumulative progress:** With each iteration (or a series of iterations over time), the data for each country is updated, showing progress towards the SDGs. This simulates the ongoing, iterative nature of development work.
4.  **Simulate ""making goals a reality"":** By updating the progress indicators and KPIs, the loop visually represents the UNDP's role in helping countries move closer to achieving the ambitious targets set by the SDGs.

This loop-based simulation, combined with updating country-specific data, provides a clear way to conceptualize and represent the UNDP's work in supporting nations towards sustainable development."
"6.  **Data Normalization and Comparison:** The text mentions that ""more than 800 million people around the world still live on less than $1.25 a day—that’s about the equivalent of the entire population of Europe living in extreme poverty."" If you were comparing poverty levels across different regions, what challenges might you face in directly comparing raw numbers? How could you normalize this data for more meaningful comparisons?","The text highlights a significant challenge in directly comparing raw numbers of people living in poverty across different regions: **population size and density**.

Here's a breakdown of the challenges and how to normalize the data:

**Challenges in Directly Comparing Raw Numbers:**

*   **Varying Population Sizes:** As the example illustrates, stating ""800 million people"" in extreme poverty is a large absolute number. However, without context, it's hard to grasp the *proportion* of the population affected. If Europe has a much larger population than another region, 800 million people in poverty in Europe might represent a smaller percentage of its total population compared to a smaller continent with the same number of people in poverty.
*   **Regional Differences in Economic Scale:** Different regions have vastly different economic scales. A raw number of people in poverty in a highly developed region might represent a different level of economic hardship than the same raw number in a developing region where the cost of living and basic needs are significantly lower.
*   **""Equivalent of the entire population of Europe"" is illustrative, not a direct comparison:** While the text uses this as an analogy to convey scale, it's not a data normalization technique. It's a rhetorical device to help the reader understand the magnitude of the problem.

**How to Normalize Data for More Meaningful Comparisons:**

To make poverty comparisons more meaningful across different regions, you need to normalize the data. This means expressing poverty not just as an absolute number, but as a proportion or rate relative to the region's total population. Here are common methods:

1.  **Poverty Rate (or Percentage of Population in Poverty):** This is the most common and effective method.
    *   **Calculation:** (Number of people living below the poverty line / Total population of the region) * 100
    *   **Example:** If Region A has 10 million people and 1 million live in poverty, the poverty rate is (1 million / 10 million) * 100 = 10%. If Region B has 100 million people and 5 million live in poverty, the poverty rate is (5 million / 100 million) * 100 = 5%. This shows that while Region A has fewer people in poverty in absolute terms, a larger *proportion* of its population is affected.

2.  **Poverty Gap:** This measure goes beyond simply identifying who is poor and quantifies *how far* people are from the poverty line.
    *   **Calculation:** It averages the difference between the poverty line and the income/consumption of all individuals below the poverty line.
    *   **Benefit:** This helps understand the depth of poverty. A region might have a lower poverty rate but a larger poverty gap, indicating that those who are poor are significantly below the poverty line.

3.  **Poverty Severity Index (Squared Poverty Gap):** This index gives more weight to the poorest individuals within a population.
    *   **Calculation:** It squares the poverty gap, meaning that the further someone is from the poverty line, the more their poverty contributes to the index.
    *   **Benefit:** Useful for understanding extreme poverty and inequality within the poor population.

4.  **Purchasing Power Parity (PPP) Adjusted Poverty Lines:** When comparing across countries with different currencies and costs of living, it's crucial to use poverty lines adjusted for PPP. The ""$1.25 a day"" mentioned is likely already a PPP-adjusted figure, but it's important to be aware of this for any international comparison.
    *   **Benefit:** Ensures that the poverty line reflects the actual cost of basic needs in different economic contexts.

By using these normalization techniques, you can move beyond simply stating large numbers and gain a more nuanced understanding of poverty distribution and severity across different regions, enabling more accurate and effective policy-making."
"7.  **Boolean Logic and Goal Status:** Imagine you have a system that tracks various aspects of ""ENSURE HEALTHY LIVES AND PROMOTE WELL-BEING FOR ALL AT ALL AGES."" If you wanted to determine if a specific region was ""on track"" to meet the goal of reducing child mortality, what boolean conditions might you need to check based on data like ""6 million children die every year before their fifth birthday""?","Based on the provided text, to determine if a specific region is ""on track"" to meet the goal of reducing child mortality, you would need to check boolean conditions related to the following data points:

*   **Current Child Mortality Rate:** This would be the primary metric. You'd need data on the number of children dying before their fifth birthday in that specific region.
*   **Trend of Child Mortality:** Is the rate decreasing, increasing, or staying the same over time?
*   **Comparison to Target:** The text mentions that ""preventable child deaths dropped by more than half"" in the 25 years before the SDGs. A key boolean condition would be to compare the current rate against a defined target for reduction (e.g., ""is the current child mortality rate less than X% of the rate in 2000?"" or ""is the current child mortality rate on a trajectory to reach Y by 2030?"").

Therefore, some potential boolean conditions could be:

1.  **`current_child_mortality_rate < target_child_mortality_rate_for_2030`**: This checks if the current rate is already below the ultimate goal.
2.  **`child_mortality_rate_trend == ""decreasing""`**: This checks if the rate is moving in the right direction.
3.  **`reduction_in_child_mortality_last_year > minimum_required_reduction_for_2030_trajectory`**: This checks if the progress made in a given period is sufficient to stay on track for the 2030 goal.
4.  **`child_mortality_rate_is_below_regional_average`**: This could be a comparative condition, checking if the region is performing better than its peers.
5.  **`access_to_healthcare_services > threshold`**: While not directly mortality, access to services that prevent child deaths (like vaccines, maternal care) would be a strong indicator.

The text highlights that ""6 million children die every year before their fifth birthday"" as a tragically high number. To be ""on track,"" a region would need to show a significant and consistent decrease in this number, moving towards the goal of ensuring healthy lives and promoting well-being for all at all ages."
"8.  **Data Visualization and Trends:** The text discusses the increase in the number of people with access to electricity: ""Between 1990 and 2010, the number of people with access to electricity increased by 1.7 billion."" If you were to visualize this trend, what type of chart would be most effective? What would the axes represent?","To visualize the trend of people gaining access to electricity between 1990 and 2010, a **line chart** would be most effective.

Here's why and what the axes would represent:

*   **Chart Type: Line Chart**
    *   A line chart is ideal for showing trends over time. It clearly illustrates how a value changes from one point to another, making it easy to see the increase in access to electricity.

*   **Axes Representation:**
    *   **X-axis (Horizontal Axis): Time**
        *   This axis would represent the years. In this case, it would span from 1990 to 2010. You could mark specific years like 1990, 2000, and 2010, or even show more granular intervals if data were available.
    *   **Y-axis (Vertical Axis): Number of People with Access to Electricity**
        *   This axis would represent the cumulative number of people who have gained access to electricity. The unit would be in billions of people. The scale would start from 0 and go up to at least 1.7 billion (or higher if you wanted to show the total number of people with access, not just the increase).

**What the visualization would show:**

The line on the chart would start at a certain point in 1990 (representing the number of people with electricity access then) and steadily rise to a higher point in 2010, showing an increase of 1.7 billion people over that 20-year period."
